START_DATETIME_UTC,IMBALANCE_LONG_EUR_MWH,IMBALANCE_SHORT_EUR_MWH
2025-05-04 22:00:00.000 Z,36.76,36.76
2025-05-04 22:15:00.000 Z,28.58,28.58
2025-05-04 22:30:00.000 Z,28.58,28.58
2025-05-04 22:45:00.000 Z,34.68,34.68
2025-05-04 23:00:00.000 Z,34.58,34.58
2025-05-04 23:15:00.000 Z,50.08,50.08
2025-05-04 23:30:00.000 Z,66,66
2025-05-04 23:45:00.000 Z,72.98,72.98
2025-05-05 00:00:00.000 Z,65.5,84
2025-05-05 00:15:00.000 Z,84,84
2025-05-05 00:30:00.000 Z,78.56,78.56
2025-05-05 00:45:00.000 Z,78.56,78.56
2025-05-05 01:00:00.000 Z,84,84
2025-05-05 01:15:00.000 Z,71,71
2025-05-05 01:30:00.000 Z,72.98,72.98
2025-05-05 01:45:00.000 Z,60.21,60.21
2025-05-05 02:00:00.000 Z,69.88,69.88
2025-05-05 02:15:00.000 Z,66.75,66.75
2025-05-05 02:30:00.000 Z,56.04,56.04
2025-05-05 02:45:00.000 Z,64.1,64.1
2025-05-05 03:00:00.000 Z,57.08,78.56
2025-05-05 03:15:00.000 Z,85.9,85.9
2025-05-05 03:30:00.000 Z,90.98,90.98
2025-05-05 03:45:00.000 Z,112.98,112.98
2025-05-05 04:00:00.000 Z,150.34,150.34
2025-05-05 04:15:00.000 Z,150.6,150.6
2025-05-05 04:30:00.000 Z,86.56,86.56
2025-05-05 04:45:00.000 Z,84.23,84.23
2025-05-05 05:00:00.000 Z,69.98,69.98
2025-05-05 05:15:00.000 Z,68.98,68.98
2025-05-05 05:30:00.000 Z,65.9,65.9
2025-05-05 05:45:00.000 Z,14.98,14.98
2025-05-05 06:00:00.000 Z,10,10
2025-05-05 06:15:00.000 Z,3.98,3.98
2025-05-05 06:30:00.000 Z,-34,-34
2025-05-05 06:45:00.000 Z,-50,-50
2025-05-05 07:00:00.000 Z,-70,-70
2025-05-05 07:15:00.000 Z,-60,-60
2025-05-05 07:30:00.000 Z,-40,-40
2025-05-05 07:45:00.000 Z,-18.5,-18.5
2025-05-05 08:00:00.000 Z,-16.35,86.36
2025-05-05 08:15:00.000 Z,10,10
2025-05-05 08:30:00.000 Z,16.98,16.98
2025-05-05 08:45:00.000 Z,10,10
2025-05-05 09:00:00.000 Z,-20.13,-20.13
2025-05-05 09:15:00.000 Z,-30,-30
2025-05-05 09:30:00.000 Z,8.98,8.98
2025-05-05 09:45:00.000 Z,-29.7,-29.7
2025-05-05 10:00:00.000 Z,-29.26,-29.26
2025-05-05 10:15:00.000 Z,64.98,64.98
2025-05-05 10:30:00.000 Z,22.98,22.98
2025-05-05 10:45:00.000 Z,11,11
2025-05-05 11:00:00.000 Z,16.98,42.29
2025-05-05 11:15:00.000 Z,42.29,81.77
2025-05-05 11:30:00.000 Z,42.29,78.56
2025-05-05 11:45:00.000 Z,-21.57,-21.57
2025-05-05 12:00:00.000 Z,-50,-50
2025-05-05 12:15:00.000 Z,-100,-100
2025-05-05 12:30:00.000 Z,-60,-60
2025-05-05 12:45:00.000 Z,-69,-69
2025-05-05 13:00:00.000 Z,58.56,58.56
2025-05-05 13:15:00.000 Z,-59.6,58.6
2025-05-05 13:30:00.000 Z,-20,-20
2025-05-05 13:45:00.000 Z,-14.14,-14.14
2025-05-05 14:00:00.000 Z,-50,-50
2025-05-05 14:15:00.000 Z,-70,-70
2025-05-05 14:30:00.000 Z,22.98,22.98
2025-05-05 14:45:00.000 Z,-15.01,-15.01
2025-05-05 15:00:00.000 Z,-11.4,-11.4
2025-05-05 15:15:00.000 Z,0,40.79
2025-05-05 15:30:00.000 Z,-11.4,68.56
2025-05-05 15:45:00.000 Z,-11.09,-11.09
2025-05-05 16:00:00.000 Z,40.79,68.56
2025-05-05 16:15:00.000 Z,36.98,40.79
2025-05-05 16:30:00.000 Z,40.79,84
2025-05-05 16:45:00.000 Z,78.56,78.56
2025-05-05 17:00:00.000 Z,-30,-30
2025-05-05 17:15:00.000 Z,46.5,46.5
2025-05-05 17:30:00.000 Z,114.98,114.98
2025-05-05 17:45:00.000 Z,125.98,125.98
2025-05-05 18:00:00.000 Z,51.58,66
2025-05-05 18:15:00.000 Z,66,78.56
2025-05-05 18:30:00.000 Z,78.56,78.56
2025-05-05 18:45:00.000 Z,88,88
2025-05-05 19:00:00.000 Z,73.08,73.08
2025-05-05 19:15:00.000 Z,66,78.56
2025-05-05 19:30:00.000 Z,84,84
2025-05-05 19:45:00.000 Z,66.45,66.45
2025-05-05 20:00:00.000 Z,70.1,70.1
2025-05-05 20:15:00.000 Z,66,78.56
2025-05-05 20:30:00.000 Z,84,84
2025-05-05 20:45:00.000 Z,111.61,111.61
2025-05-05 21:00:00.000 Z,100,100
2025-05-05 21:15:00.000 Z,66,78.56
2025-05-05 21:30:00.000 Z,64,64
2025-05-05 21:45:00.000 Z,64,84
2025-05-05 22:00:00.000 Z,85,85
2025-05-05 22:15:00.000 Z,51.48,51.48
2025-05-05 22:30:00.000 Z,51.58,64.49
2025-05-05 22:45:00.000 Z,78.56,78.56
2025-05-05 23:00:00.000 Z,64.49,86.3
2025-05-05 23:15:00.000 Z,88.56,88.56
2025-05-05 23:30:00.000 Z,97.23,97.23
2025-05-05 23:45:00.000 Z,93.58,93.58
2025-05-06 00:00:00.000 Z,71.77,71.77
2025-05-06 00:15:00.000 Z,71.77,71.77
2025-05-06 00:30:00.000 Z,84,84
2025-05-06 00:45:00.000 Z,106,106
2025-05-06 01:00:00.000 Z,95,95
2025-05-06 01:15:00.000 Z,84.98,84.98
2025-05-06 01:30:00.000 Z,58,58
2025-05-06 01:45:00.000 Z,56.98,56.98
2025-05-06 02:00:00.000 Z,56.98,56.98
2025-05-06 02:15:00.000 Z,70.1,70.1
2025-05-06 02:30:00.000 Z,62.18,62.18
2025-05-06 02:45:00.000 Z,95,95
2025-05-06 03:00:00.000 Z,111,111
2025-05-06 03:15:00.000 Z,128.5,128.5
2025-05-06 03:30:00.000 Z,121,121
2025-05-06 03:45:00.000 Z,97.98,97.98
2025-05-06 04:00:00.000 Z,44,95
2025-05-06 04:15:00.000 Z,111,111
2025-05-06 04:30:00.000 Z,87.5,87.5
2025-05-06 04:45:00.000 Z,87.2,87.2
2025-05-06 05:00:00.000 Z,71.77,71.77
2025-05-06 05:15:00.000 Z,71.77,100
2025-05-06 05:30:00.000 Z,100,100
2025-05-06 05:45:00.000 Z,87.7,87.7
2025-05-06 06:00:00.000 Z,41,41
2025-05-06 06:15:00.000 Z,26,26
2025-05-06 06:30:00.000 Z,-30,-30
2025-05-06 06:45:00.000 Z,-31,-31
2025-05-06 07:00:00.000 Z,-533.02,-533.02
2025-05-06 07:15:00.000 Z,-37,-37
2025-05-06 07:30:00.000 Z,-30,-30
2025-05-06 07:45:00.000 Z,18,18
2025-05-06 08:00:00.000 Z,-29.9,-29.9
2025-05-06 08:15:00.000 Z,-30,68.56
2025-05-06 08:30:00.000 Z,-30,-30
2025-05-06 08:45:00.000 Z,-26.45,-26.45
2025-05-06 09:00:00.000 Z,-14.14,-14.14
2025-05-06 09:15:00.000 Z,10,10
2025-05-06 09:30:00.000 Z,-30,-30
2025-05-06 09:45:00.000 Z,-26,-26
2025-05-06 10:00:00.000 Z,26,26
2025-05-06 10:15:00.000 Z,10,10
2025-05-06 10:30:00.000 Z,10,47.99
2025-05-06 10:45:00.000 Z,26,47.99
2025-05-06 11:00:00.000 Z,-14.14,-14.14
2025-05-06 11:15:00.000 Z,-29.8,-29.8
2025-05-06 11:30:00.000 Z,10,10
2025-05-06 11:45:00.000 Z,-28,-28
2025-05-06 12:00:00.000 Z,-31,-31
2025-05-06 12:15:00.000 Z,-45.3,-45.3
2025-05-06 12:30:00.000 Z,-31,-31
2025-05-06 12:45:00.000 Z,-31,-31
2025-05-06 13:00:00.000 Z,-23,-23
2025-05-06 13:15:00.000 Z,61.79,61.79
2025-05-06 13:30:00.000 Z,61.79,61.79
2025-05-06 13:45:00.000 Z,61.79,85.5
2025-05-06 14:00:00.000 Z,86.98,86.98
2025-05-06 14:15:00.000 Z,87.98,87.98
2025-05-06 14:30:00.000 Z,150,150
2025-05-06 14:45:00.000 Z,135.98,135.98
2025-05-06 15:00:00.000 Z,160.4,160.4
2025-05-06 15:15:00.000 Z,113.98,113.98
2025-05-06 15:30:00.000 Z,150,150
2025-05-06 15:45:00.000 Z,119,119
2025-05-06 16:00:00.000 Z,71.87,102
2025-05-06 16:15:00.000 Z,71.04,102
2025-05-06 16:30:00.000 Z,121,121
2025-05-06 16:45:00.000 Z,79,140
2025-05-06 17:00:00.000 Z,80.98,95
2025-05-06 17:15:00.000 Z,113.98,113.98
2025-05-06 17:30:00.000 Z,150,150
2025-05-06 17:45:00.000 Z,159,159
2025-05-06 18:00:00.000 Z,99.98,99.98
2025-05-06 18:15:00.000 Z,110.98,110.98
2025-05-06 18:30:00.000 Z,153.8,153.8
2025-05-06 18:45:00.000 Z,106.44,106.44
2025-05-06 19:00:00.000 Z,150,150
2025-05-06 19:15:00.000 Z,110.98,110.98
2025-05-06 19:30:00.000 Z,84.98,108.28
2025-05-06 19:45:00.000 Z,57.31,57.31
2025-05-06 20:00:00.000 Z,51.31,109.28
2025-05-06 20:15:00.000 Z,75,109.28
2025-05-06 20:30:00.000 Z,71,104.28
2025-05-06 20:45:00.000 Z,51,51
2025-05-06 21:00:00.000 Z,51,105
2025-05-06 21:15:00.000 Z,72.08,72.08
2025-05-06 21:30:00.000 Z,65.08,77.5
2025-05-06 21:45:00.000 Z,72,111
2025-05-06 22:00:00.000 Z,66,134.4
2025-05-06 22:15:00.000 Z,121.56,121.56
2025-05-06 22:30:00.000 Z,79.99,79.99
2025-05-06 22:45:00.000 Z,82.74,82.74
2025-05-06 23:00:00.000 Z,107,107
2025-05-06 23:15:00.000 Z,96.29,96.29
2025-05-06 23:30:00.000 Z,89.82,89.82
2025-05-06 23:45:00.000 Z,102.82,102.82
2025-05-07 00:00:00.000 Z,133.1,133.1
2025-05-07 00:15:00.000 Z,134,134
2025-05-07 00:30:00.000 Z,133.3,133.3
2025-05-07 00:45:00.000 Z,129.79,129.79
2025-05-07 01:00:00.000 Z,66.55,82.89
2025-05-07 01:15:00.000 Z,67.98,67.98
2025-05-07 01:30:00.000 Z,84.98,84.98
2025-05-07 01:45:00.000 Z,80,80
2025-05-07 02:00:00.000 Z,74.36,74.36
2025-05-07 02:15:00.000 Z,75.08,75.08
2025-05-07 02:30:00.000 Z,71,71
2025-05-07 02:45:00.000 Z,64.82,64.82
2025-05-07 03:00:00.000 Z,64.49,86
2025-05-07 03:15:00.000 Z,107,107
2025-05-07 03:30:00.000 Z,107,107
2025-05-07 03:45:00.000 Z,87.98,87.98
2025-05-07 04:00:00.000 Z,76.77,167.34
2025-05-07 04:15:00.000 Z,168.03,168.03
2025-05-07 04:30:00.000 Z,107,107
2025-05-07 04:45:00.000 Z,107,107
2025-05-07 05:00:00.000 Z,142,142
2025-05-07 05:15:00.000 Z,143,143
2025-05-07 05:30:00.000 Z,159.98,159.98
2025-05-07 05:45:00.000 Z,1895,1895
2025-05-07 06:00:00.000 Z,1895,1895
2025-05-07 06:15:00.000 Z,1895,1895
2025-05-07 06:30:00.000 Z,950,950
2025-05-07 06:45:00.000 Z,500,500
2025-05-07 07:00:00.000 Z,134.4,134.4
2025-05-07 07:15:00.000 Z,1895,1895
2025-05-07 07:30:00.000 Z,2940,2940
2025-05-07 07:45:00.000 Z,2939,2939
2025-05-07 08:00:00.000 Z,159.98,159.98
2025-05-07 08:15:00.000 Z,146.98,146.98
2025-05-07 08:30:00.000 Z,135.7,135.7
2025-05-07 08:45:00.000 Z,135.6,135.6
2025-05-07 09:00:00.000 Z,155.3,155.3
2025-05-07 09:15:00.000 Z,111.29,111.29
2025-05-07 09:30:00.000 Z,64.49,68.56
2025-05-07 09:45:00.000 Z,66,86
2025-05-07 10:00:00.000 Z,2509,2509
2025-05-07 10:15:00.000 Z,155.8,155.8
2025-05-07 10:30:00.000 Z,66,66
2025-05-07 10:45:00.000 Z,66,66
2025-05-07 11:00:00.000 Z,65.57,86.7
2025-05-07 11:15:00.000 Z,14.57,14.57
2025-05-07 11:30:00.000 Z,10,10
2025-05-07 11:45:00.000 Z,10,10
2025-05-07 12:00:00.000 Z,57.17,113.98
2025-05-07 12:15:00.000 Z,58.56,58.56
2025-05-07 12:30:00.000 Z,64.49,78.56
2025-05-07 12:45:00.000 Z,86.4,86.4
2025-05-07 13:00:00.000 Z,107,107
2025-05-07 13:15:00.000 Z,64.49,107
2025-05-07 13:30:00.000 Z,52.53,52.53
2025-05-07 13:45:00.000 Z,88.53,88.53
2025-05-07 14:00:00.000 Z,60,120
2025-05-07 14:15:00.000 Z,129.08,129.08
2025-05-07 14:30:00.000 Z,60.67,94.53
2025-05-07 14:45:00.000 Z,75.98,75.98
2025-05-07 15:00:00.000 Z,60,93.88
2025-05-07 15:15:00.000 Z,120,120
2025-05-07 15:30:00.000 Z,118.98,118.98
2025-05-07 15:45:00.000 Z,94.53,94.53
2025-05-07 16:00:00.000 Z,60,64.49
2025-05-07 16:15:00.000 Z,76.08,76.08
2025-05-07 16:30:00.000 Z,150,150
2025-05-07 16:45:00.000 Z,159.98,159.98
2025-05-07 17:00:00.000 Z,140,140
2025-05-07 17:15:00.000 Z,219.57,219.57
2025-05-07 17:30:00.000 Z,174.57,174.57
2025-05-07 17:45:00.000 Z,183.98,183.98
2025-05-07 18:00:00.000 Z,159.98,159.98
2025-05-07 18:15:00.000 Z,120,120
2025-05-07 18:30:00.000 Z,183.98,183.98
2025-05-07 18:45:00.000 Z,159.98,159.98
2025-05-07 19:00:00.000 Z,139.12,139.12
2025-05-07 19:15:00.000 Z,80.98,80.98
2025-05-07 19:30:00.000 Z,58.53,120
2025-05-07 19:45:00.000 Z,55.98,55.98
2025-05-07 20:00:00.000 Z,64.49,135.8
2025-05-07 20:15:00.000 Z,70.1,70.1
2025-05-07 20:30:00.000 Z,78.56,78.56
2025-05-07 20:45:00.000 Z,60,60
2025-05-07 21:00:00.000 Z,54.08,54.08
2025-05-07 21:15:00.000 Z,64.49,64.49
2025-05-07 21:30:00.000 Z,64.49,64.49
2025-05-07 21:45:00.000 Z,83.98,83.98
2025-05-07 22:00:00.000 Z,77.99,111.98
2025-05-07 22:15:00.000 Z,120,120
2025-05-07 22:30:00.000 Z,111,111
2025-05-07 22:45:00.000 Z,77.99,101.98
2025-05-07 23:00:00.000 Z,105.8,105.8
2025-05-07 23:15:00.000 Z,66.59,92.48
2025-05-07 23:30:00.000 Z,63.08,90
2025-05-07 23:45:00.000 Z,72.77,98.98
2025-05-08 00:00:00.000 Z,70.1,70.1
2025-05-08 00:15:00.000 Z,96.98,96.98
2025-05-08 00:30:00.000 Z,77.99,77.99
2025-05-08 00:45:00.000 Z,47.98,77.99
2025-05-08 01:00:00.000 Z,59.59,59.59
2025-05-08 01:15:00.000 Z,77.99,77.99
2025-05-08 01:30:00.000 Z,109.98,109.98
2025-05-08 01:45:00.000 Z,66,66
2025-05-08 02:00:00.000 Z,62.98,77.99
2025-05-08 02:15:00.000 Z,58.56,58.56
2025-05-08 02:30:00.000 Z,147.56,147.56
2025-05-08 02:45:00.000 Z,147.37,147.37
2025-05-08 03:00:00.000 Z,77.99,92.98
2025-05-08 03:15:00.000 Z,95.98,95.98
2025-05-08 03:30:00.000 Z,120,120
2025-05-08 03:45:00.000 Z,120.2,120.2
2025-05-08 04:00:00.000 Z,77.99,104.6
2025-05-08 04:15:00.000 Z,120,120
2025-05-08 04:30:00.000 Z,124.98,124.98
2025-05-08 04:45:00.000 Z,120.98,120.98
2025-05-08 05:00:00.000 Z,109.98,109.98
2025-05-08 05:15:00.000 Z,58.56,58.56
2025-05-08 05:30:00.000 Z,68.56,68.56
2025-05-08 05:45:00.000 Z,58.56,58.56
2025-05-08 06:00:00.000 Z,113.98,113.98
2025-05-08 06:15:00.000 Z,80,80
2025-05-08 06:30:00.000 Z,36.98,36.98
2025-05-08 06:45:00.000 Z,24.57,24.57
2025-05-08 07:00:00.000 Z,-70,104
2025-05-08 07:15:00.000 Z,57,96.78
2025-05-08 07:30:00.000 Z,-30,-30
2025-05-08 07:45:00.000 Z,-11,-11
2025-05-08 08:00:00.000 Z,-30,-30
2025-05-08 08:15:00.000 Z,-30,-30
2025-05-08 08:30:00.000 Z,-31,-31
2025-05-08 08:45:00.000 Z,-11,-11
2025-05-08 09:00:00.000 Z,-18.5,-18.5
2025-05-08 09:15:00.000 Z,-1,-1
2025-05-08 09:30:00.000 Z,-11,69.07
2025-05-08 09:45:00.000 Z,24.57,24.57
2025-05-08 10:00:00.000 Z,69.07,69.07
2025-05-08 10:15:00.000 Z,87,87
2025-05-08 10:30:00.000 Z,127.6,127.6
2025-05-08 10:45:00.000 Z,300,300
2025-05-08 11:00:00.000 Z,300,300
2025-05-08 11:15:00.000 Z,127.5,127.5
2025-05-08 11:30:00.000 Z,144,144
2025-05-08 11:45:00.000 Z,118,118
2025-05-08 12:00:00.000 Z,57,57
2025-05-08 12:15:00.000 Z,160,160
2025-05-08 12:30:00.000 Z,123,123
2025-05-08 12:45:00.000 Z,120,120
2025-05-08 13:00:00.000 Z,100.98,100.98
2025-05-08 13:15:00.000 Z,80,104.28
2025-05-08 13:30:00.000 Z,80,120
2025-05-08 13:45:00.000 Z,120,120
2025-05-08 14:00:00.000 Z,80,80
2025-05-08 14:15:00.000 Z,97.28,97.28
2025-05-08 14:30:00.000 Z,80,135
2025-05-08 14:45:00.000 Z,148.07,148.07
2025-05-08 15:00:00.000 Z,120,120
2025-05-08 15:15:00.000 Z,128.7,128.7
2025-05-08 15:30:00.000 Z,66,86.78
2025-05-08 15:45:00.000 Z,90.7,90.7
2025-05-08 16:00:00.000 Z,67,85.08
2025-05-08 16:15:00.000 Z,128.7,128.7
2025-05-08 16:30:00.000 Z,139,139
2025-05-08 16:45:00.000 Z,139,139
2025-05-08 17:00:00.000 Z,64.48,99.78
2025-05-08 17:15:00.000 Z,66,66
2025-05-08 17:30:00.000 Z,120,120
2025-05-08 17:45:00.000 Z,140,140
2025-05-08 18:00:00.000 Z,171.8,171.8
2025-05-08 18:15:00.000 Z,163.98,163.98
2025-05-08 18:30:00.000 Z,190.34,190.34
2025-05-08 18:45:00.000 Z,188.34,188.34
2025-05-08 19:00:00.000 Z,74.63,120
2025-05-08 19:15:00.000 Z,80.22,151.4
2025-05-08 19:30:00.000 Z,75.05,109.28
2025-05-08 19:45:00.000 Z,80,80
2025-05-08 20:00:00.000 Z,80,181.98
2025-05-08 20:15:00.000 Z,181.98,181.98
2025-05-08 20:30:00.000 Z,79.62,102.5
2025-05-08 20:45:00.000 Z,74.32,120
2025-05-08 21:00:00.000 Z,80,150
2025-05-08 21:15:00.000 Z,75.05,119.9
2025-05-08 21:30:00.000 Z,66,66
2025-05-08 21:45:00.000 Z,65.98,120.2
2025-05-08 22:00:00.000 Z,79.57,120
2025-05-08 22:15:00.000 Z,120,120
2025-05-08 22:30:00.000 Z,120,120
2025-05-08 22:45:00.000 Z,96.98,96.98
2025-05-08 23:00:00.000 Z,150.7,150.7
2025-05-08 23:15:00.000 Z,150.7,150.7
2025-05-08 23:30:00.000 Z,141,141
2025-05-08 23:45:00.000 Z,121.98,121.98
2025-05-09 00:00:00.000 Z,91.98,91.98
2025-05-09 00:15:00.000 Z,75.02,75.02
2025-05-09 00:30:00.000 Z,84.3,120
2025-05-09 00:45:00.000 Z,102.9,102.9
2025-05-09 01:00:00.000 Z,61.3,61.3
2025-05-09 01:15:00.000 Z,60,60
2025-05-09 01:30:00.000 Z,68.98,68.98
2025-05-09 01:45:00.000 Z,75.76,75.76
2025-05-09 02:00:00.000 Z,48.74,48.74
2025-05-09 02:15:00.000 Z,54.42,54.42
2025-05-09 02:30:00.000 Z,73,78.56
2025-05-09 02:45:00.000 Z,103.5,103.5
2025-05-09 03:00:00.000 Z,150,150
2025-05-09 03:15:00.000 Z,150,150
2025-05-09 03:30:00.000 Z,121.98,121.98
2025-05-09 03:45:00.000 Z,123.56,123.56
2025-05-09 04:00:00.000 Z,160.95,160.95
2025-05-09 04:15:00.000 Z,185.98,185.98
2025-05-09 04:30:00.000 Z,152.2,152.2
2025-05-09 04:45:00.000 Z,106.7,106.7
2025-05-09 05:00:00.000 Z,279,279
2025-05-09 05:15:00.000 Z,162.98,162.98
2025-05-09 05:30:00.000 Z,108.98,108.98
2025-05-09 05:45:00.000 Z,93,93
2025-05-09 06:00:00.000 Z,90,90
2025-05-09 06:15:00.000 Z,94.98,94.98
2025-05-09 06:30:00.000 Z,78.35,93
2025-05-09 06:45:00.000 Z,61.4,61.4
2025-05-09 07:00:00.000 Z,49,99.28
2025-05-09 07:15:00.000 Z,23,119.2
2025-05-09 07:30:00.000 Z,22,116
2025-05-09 07:45:00.000 Z,10,10
2025-05-09 08:00:00.000 Z,11,11
2025-05-09 08:15:00.000 Z,10,10
2025-05-09 08:30:00.000 Z,10,10
2025-05-09 08:45:00.000 Z,-31,-31
2025-05-09 09:00:00.000 Z,-28.82,-28.82
2025-05-09 09:15:00.000 Z,6,6
2025-05-09 09:30:00.000 Z,-31,-31
2025-05-09 09:45:00.000 Z,-31,-31
2025-05-09 10:00:00.000 Z,-12,-12
2025-05-09 10:15:00.000 Z,-50,-50
2025-05-09 10:30:00.000 Z,-50,-50
2025-05-09 10:45:00.000 Z,-70,-70
2025-05-09 11:00:00.000 Z,-31,-31
2025-05-09 11:15:00.000 Z,-50,-50
2025-05-09 11:30:00.000 Z,-60,-60
2025-05-09 11:45:00.000 Z,-57.41,-57.41
2025-05-09 12:00:00.000 Z,-69.9,-69.9
2025-05-09 12:15:00.000 Z,-60,-60
2025-05-09 12:30:00.000 Z,-70,78.56
2025-05-09 12:45:00.000 Z,-70,-70
2025-05-09 13:00:00.000 Z,-250,-250
2025-05-09 13:15:00.000 Z,-50,-50
2025-05-09 13:30:00.000 Z,-581.13,-581.13
2025-05-09 13:45:00.000 Z,-30,86
2025-05-09 14:00:00.000 Z,-49.8,-49.8
2025-05-09 14:15:00.000 Z,-50,-50
2025-05-09 14:30:00.000 Z,-69.89,-69.89
2025-05-09 14:45:00.000 Z,-29.7,-29.7
2025-05-09 15:00:00.000 Z,-14.14,-14.14
2025-05-09 15:15:00.000 Z,-29.7,88.56
2025-05-09 15:30:00.000 Z,89.98,89.98
2025-05-09 15:45:00.000 Z,-50,87
2025-05-09 16:00:00.000 Z,-30,-30
2025-05-09 16:15:00.000 Z,41.98,41.98
2025-05-09 16:30:00.000 Z,67.31,89
2025-05-09 16:45:00.000 Z,67.42,93.7
2025-05-09 17:00:00.000 Z,61.34,98
2025-05-09 17:15:00.000 Z,148.8,148.8
2025-05-09 17:30:00.000 Z,181,181
2025-05-09 17:45:00.000 Z,164.79,164.79
2025-05-09 18:00:00.000 Z,174.98,174.98
2025-05-09 18:15:00.000 Z,151,151
2025-05-09 18:30:00.000 Z,162.98,162.98
2025-05-09 18:45:00.000 Z,140.78,140.78
2025-05-09 19:00:00.000 Z,147,147
2025-05-09 19:15:00.000 Z,150.3,150.3
2025-05-09 19:30:00.000 Z,140.88,140.88
2025-05-09 19:45:00.000 Z,140,140
2025-05-09 20:00:00.000 Z,181,181
2025-05-09 20:15:00.000 Z,150.4,150.4
2025-05-09 20:30:00.000 Z,131,131
2025-05-09 20:45:00.000 Z,150,150
2025-05-09 21:00:00.000 Z,93,104
2025-05-09 21:15:00.000 Z,72,72
2025-05-09 21:30:00.000 Z,61.34,61.34
2025-05-09 21:45:00.000 Z,61.34,61.34
2025-05-09 22:00:00.000 Z,40.91,40.91
2025-05-09 22:15:00.000 Z,46.34,46.34
2025-05-09 22:30:00.000 Z,59,94.98
2025-05-09 22:45:00.000 Z,46.34,46.34
2025-05-09 23:00:00.000 Z,47,104
2025-05-09 23:15:00.000 Z,86.98,86.98
2025-05-09 23:30:00.000 Z,58.56,58.56
2025-05-09 23:45:00.000 Z,63.49,63.49
2025-05-10 00:00:00.000 Z,120,120
2025-05-10 00:15:00.000 Z,109.4,109.4
2025-05-10 00:30:00.000 Z,150,150
2025-05-10 00:45:00.000 Z,143.98,143.98
2025-05-10 01:00:00.000 Z,150,150
2025-05-10 01:15:00.000 Z,127.98,127.98
2025-05-10 01:30:00.000 Z,109.8,109.8
2025-05-10 01:45:00.000 Z,132.7,132.7
2025-05-10 02:00:00.000 Z,122.1,122.1
2025-05-10 02:15:00.000 Z,110.1,110.1
2025-05-10 02:30:00.000 Z,132,132
2025-05-10 02:45:00.000 Z,150,150
2025-05-10 03:00:00.000 Z,97.98,97.98
2025-05-10 03:15:00.000 Z,120,120
2025-05-10 03:30:00.000 Z,120,120
2025-05-10 03:45:00.000 Z,82.98,82.98
2025-05-10 04:00:00.000 Z,154.6,154.6
2025-05-10 04:15:00.000 Z,150,150
2025-05-10 04:30:00.000 Z,67.77,67.77
2025-05-10 04:45:00.000 Z,40,40
2025-05-10 05:00:00.000 Z,68.98,122.1
2025-05-10 05:15:00.000 Z,101.92,101.92
2025-05-10 05:30:00.000 Z,89,89
2025-05-10 05:45:00.000 Z,79,79
2025-05-10 06:00:00.000 Z,52,104.21
2025-05-10 06:15:00.000 Z,109.5,109.5
2025-05-10 06:30:00.000 Z,75,88.56
2025-05-10 06:45:00.000 Z,41,88.56
2025-05-10 07:00:00.000 Z,154.3,154.3
2025-05-10 07:15:00.000 Z,55,123.56
2025-05-10 07:30:00.000 Z,52,52
2025-05-10 07:45:00.000 Z,50,50
2025-05-10 08:00:00.000 Z,77.78,140
2025-05-10 08:15:00.000 Z,24.57,78.56
2025-05-10 08:30:00.000 Z,6.12,6.12
2025-05-10 08:45:00.000 Z,-30,58.66
2025-05-10 09:00:00.000 Z,10,10
2025-05-10 09:15:00.000 Z,-29.7,-29.7
2025-05-10 09:30:00.000 Z,-29.7,-29.7
2025-05-10 09:45:00.000 Z,-18.38,-18.38
2025-05-10 10:00:00.000 Z,-3.05,-3.05
2025-05-10 10:15:00.000 Z,-2.95,-2.95
2025-05-10 10:30:00.000 Z,-30,-30
2025-05-10 10:45:00.000 Z,-60,-60
2025-05-10 11:00:00.000 Z,-60,-60
2025-05-10 11:15:00.000 Z,-70,-70
2025-05-10 11:30:00.000 Z,-70,-70
2025-05-10 11:45:00.000 Z,-70,-70
2025-05-10 12:00:00.000 Z,-80.33,-80.33
2025-05-10 12:15:00.000 Z,-70,-70
2025-05-10 12:30:00.000 Z,-70,-70
2025-05-10 12:45:00.000 Z,10,10
2025-05-10 13:00:00.000 Z,-30,-30
2025-05-10 13:15:00.000 Z,13.57,13.57
2025-05-10 13:30:00.000 Z,1,1
2025-05-10 13:45:00.000 Z,-6.85,65.51
2025-05-10 14:00:00.000 Z,47.58,47.58
2025-05-10 14:15:00.000 Z,-30,40.5
2025-05-10 14:30:00.000 Z,-18.5,40.5
2025-05-10 14:45:00.000 Z,60.05,60.05
2025-05-10 15:00:00.000 Z,-41,-41
2025-05-10 15:15:00.000 Z,-18.5,-18.5
2025-05-10 15:30:00.000 Z,10,90
2025-05-10 15:45:00.000 Z,90,90
2025-05-10 16:00:00.000 Z,29.98,29.98
2025-05-10 16:15:00.000 Z,63.49,102.5
2025-05-10 16:30:00.000 Z,63.49,118
2025-05-10 16:45:00.000 Z,63.49,102.6
2025-05-10 17:00:00.000 Z,62.98,62.98
2025-05-10 17:15:00.000 Z,25.71,102.8
2025-05-10 17:30:00.000 Z,151.3,151.3
2025-05-10 17:45:00.000 Z,127.98,127.98
2025-05-10 18:00:00.000 Z,69.28,120.98
2025-05-10 18:15:00.000 Z,76.28,76.28
2025-05-10 18:30:00.000 Z,58.56,58.56
2025-05-10 18:45:00.000 Z,123,123
2025-05-10 19:00:00.000 Z,103.8,103.8
2025-05-10 19:15:00.000 Z,106,106
2025-05-10 19:30:00.000 Z,80,109.98
2025-05-10 19:45:00.000 Z,63.5,106
2025-05-10 20:00:00.000 Z,137.98,137.98
2025-05-10 20:15:00.000 Z,63.5,111
2025-05-10 20:30:00.000 Z,63.5,78.56
2025-05-10 20:45:00.000 Z,61,84.98
2025-05-10 21:00:00.000 Z,59,68.56
2025-05-10 21:15:00.000 Z,79,79
2025-05-10 21:30:00.000 Z,79.57,79.57
2025-05-10 21:45:00.000 Z,70.1,70.1
2025-05-10 22:00:00.000 Z,58.98,58.98
2025-05-10 22:15:00.000 Z,74.42,74.42
2025-05-10 22:30:00.000 Z,43,43
2025-05-10 22:45:00.000 Z,11,11
2025-05-10 23:00:00.000 Z,11,11
2025-05-10 23:15:00.000 Z,62.91,62.91
2025-05-10 23:30:00.000 Z,64.98,64.98
2025-05-10 23:45:00.000 Z,51.98,51.98
2025-05-11 00:00:00.000 Z,42.98,42.98
2025-05-11 00:15:00.000 Z,54.67,54.67
2025-05-11 00:30:00.000 Z,41,41
2025-05-11 00:45:00.000 Z,65.98,65.98
2025-05-11 01:00:00.000 Z,88.56,88.56
2025-05-11 01:15:00.000 Z,58.56,58.56
2025-05-11 01:30:00.000 Z,94.98,94.98
2025-05-11 01:45:00.000 Z,102.2,102.2
2025-05-11 02:00:00.000 Z,120,120
2025-05-11 02:15:00.000 Z,115.58,115.58
2025-05-11 02:30:00.000 Z,108.98,108.98
2025-05-11 02:45:00.000 Z,120,120
2025-05-11 03:00:00.000 Z,90,90
2025-05-11 03:15:00.000 Z,69.28,107
2025-05-11 03:30:00.000 Z,120,120
2025-05-11 03:45:00.000 Z,65,102.8
2025-05-11 04:00:00.000 Z,123.56,123.56
2025-05-11 04:15:00.000 Z,120,120
2025-05-11 04:30:00.000 Z,92.98,92.98
2025-05-11 04:45:00.000 Z,63,63
2025-05-11 05:00:00.000 Z,80,80
2025-05-11 05:15:00.000 Z,30,30
2025-05-11 05:30:00.000 Z,55,55
2025-05-11 05:45:00.000 Z,56.38,56.38
2025-05-11 06:00:00.000 Z,106.4,106.4
2025-05-11 06:15:00.000 Z,80,80
2025-05-11 06:30:00.000 Z,-50,-50
2025-05-11 06:45:00.000 Z,-30,-30
2025-05-11 07:00:00.000 Z,40,40
2025-05-11 07:15:00.000 Z,10,10
2025-05-11 07:30:00.000 Z,2.1,2.1
2025-05-11 07:45:00.000 Z,2,2
2025-05-11 08:00:00.000 Z,-29.8,-29.8
2025-05-11 08:15:00.000 Z,14.57,14.57
2025-05-11 08:30:00.000 Z,10,10
2025-05-11 08:45:00.000 Z,-29.9,-29.9
2025-05-11 09:00:00.000 Z,-29.7,-29.7
2025-05-11 09:15:00.000 Z,-30,-30
2025-05-11 09:30:00.000 Z,-60,-60
2025-05-11 09:45:00.000 Z,-100,-100
2025-05-11 10:00:00.000 Z,-70,-70
2025-05-11 10:15:00.000 Z,-70,-70
2025-05-11 10:30:00.000 Z,-70,-70
2025-05-11 10:45:00.000 Z,-78.32,-78.32
2025-05-11 11:00:00.000 Z,-100,-100
2025-05-11 11:15:00.000 Z,-113.3,-113.3
2025-05-11 11:30:00.000 Z,-113.3,-113.3
2025-05-11 11:45:00.000 Z,-100.9,-100.9
2025-05-11 12:00:00.000 Z,-100,-100
2025-05-11 12:15:00.000 Z,-70,-70
2025-05-11 12:30:00.000 Z,-70,-70
2025-05-11 12:45:00.000 Z,-70,-70
2025-05-11 13:00:00.000 Z,-69.89,-69.89
2025-05-11 13:15:00.000 Z,-30,-30
2025-05-11 13:30:00.000 Z,-23.48,-23.48
2025-05-11 13:45:00.000 Z,-30,-30
2025-05-11 14:00:00.000 Z,-23.74,-23.74
2025-05-11 14:15:00.000 Z,-29.3,-29.3
2025-05-11 14:30:00.000 Z,-30,-30
2025-05-11 14:45:00.000 Z,22,40.5
2025-05-11 15:00:00.000 Z,68.36,68.36
2025-05-11 15:15:00.000 Z,-30,91
2025-05-11 15:30:00.000 Z,91,91
2025-05-11 15:45:00.000 Z,132.3,132.3
2025-05-11 16:00:00.000 Z,10,197.98
2025-05-11 16:15:00.000 Z,1,101.98
2025-05-11 16:30:00.000 Z,150,150
2025-05-11 16:45:00.000 Z,150,150
2025-05-11 17:00:00.000 Z,142.28,142.28
2025-05-11 17:15:00.000 Z,180.98,180.98
2025-05-11 17:30:00.000 Z,214.98,214.98
2025-05-11 17:45:00.000 Z,206.98,206.98
2025-05-11 18:00:00.000 Z,125.98,125.98
2025-05-11 18:15:00.000 Z,300,300
2025-05-11 18:30:00.000 Z,214.98,214.98
2025-05-11 18:45:00.000 Z,118.98,118.98
2025-05-11 19:00:00.000 Z,83.56,83.56
2025-05-11 19:15:00.000 Z,65,65
2025-05-11 19:30:00.000 Z,69.87,69.87
2025-05-11 19:45:00.000 Z,50.89,50.89
2025-05-11 20:00:00.000 Z,51.98,111.98
2025-05-11 20:15:00.000 Z,60.57,60.57
2025-05-11 20:30:00.000 Z,56.98,56.98
2025-05-11 20:45:00.000 Z,54.57,54.57
2025-05-11 21:00:00.000 Z,63,149.4
2025-05-11 21:15:00.000 Z,60.57,101.7
2025-05-11 21:30:00.000 Z,60.12,111
2025-05-11 21:45:00.000 Z,35,78.56
